Tile,xmin,xmax,ymin,ymax
Valid,415900,416000,4573800,4573900
Missing_Data,415900,416000,,4573900
Viladecans_4159_45738,415900,416000,4573800,4573900
Viladecans_4159_45739,415900,416000,4573900,4574000
Viladecans_4159_45740,415900,416000,4574000,4574100
Viladecans_4159_45741,415900,416000,4574100,4574200
Viladecans_4160_45738,416000,416100,4573800,4573900
Viladecans_4160_45739,416000,416100,4573900,4574000
Viladecans_4160_45740,416000,416100,4574000,4574100
Viladecans_4160_45741,416000,416100,4574100,4574200
Viladecans_4160_45744,416000,416100,4574400,4574500
Viladecans_4160_45745,416000,416100,4574500,4574600
Viladecans_4160_45746,416000,416100,4574600,4574700
Viladecans_4160_45747,416000,416100,4574700,4574800
Viladecans_4160_45748,416000,416100,4574800,4574900
Viladecans_4161_45738,416100,416200,4573800,4573900
Viladecans_4161_45739,416100,416200,4573900,4574000
Viladecans_4161_45740,416100,416200,4574000,4574100
Viladecans_4161_45741,416100,416200,4574100,4574200
Viladecans_4161_45744,416100,416200,4574400,4574500
Viladecans_4161_45745,416100,416200,4574500,4574600
Viladecans_4161_45746,416100,416200,4574600,4574700
Viladecans_4161_45747,416100,416200,4574700,4574800
Viladecans_4161_45748,416100,416200,4574800,4574900
Viladecans_4162_45738,416200,416300,4573800,4573900
Viladecans_4162_45739,416200,416300,4573900,4574000
Viladecans_4162_45740,416200,416300,4574000,4574100
Viladecans_4162_45741,416200,416300,4574100,4574200
Viladecans_4162_45743,416200,416300,4574300,4574400
Viladecans_4162_45744,416200,416300,4574400,4574500
Viladecans_4162_45745,416200,416300,4574500,4574600
Viladecans_4162_45746,416200,416300,4574600,4574700
Viladecans_4162_45747,416200,416300,4574700,4574800
Viladecans_4162_45748,416200,416300,4574800,4574900
Viladecans_4163_45737,416300,416400,4573700,4573800
Viladecans_4163_45738,416300,416400,4573800,4573900
Viladecans_4163_45739,416300,416400,4573900,4574000
Viladecans_4163_45740,416300,416400,4574000,4574100
Viladecans_4163_45741,416300,416400,4574100,4574200
Viladecans_4163_45742,416300,416400,4574200,4574300
Viladecans_4163_45743,416300,416400,4574300,4574400
Viladecans_4163_45744,416300,416400,4574400,4574500
Viladecans_4163_45745,416300,416400,4574500,4574600
Viladecans_4163_45746,416300,416400,4574600,4574700
Viladecans_4163_45747,416300,416400,4574700,4574800
Viladecans_4163_45748,416300,416400,4574800,4574900
Viladecans_4164_45737,416400,416500,4573700,4573800
Viladecans_4164_45738,416400,416500,4573800,4573900
Viladecans_4164_45739,416400,416500,4573900,4574000
Viladecans_4164_45740,416400,416500,4574000,4574100
Viladecans_4164_45741,416400,416500,4574100,4574200
Viladecans_4164_45742,416400,416500,4574200,4574300
Viladecans_4164_45743,416400,416500,4574300,4574400
Viladecans_4164_45744,416400,416500,4574400,4574500
Viladecans_4164_45745,416400,416500,4574500,4574600
Viladecans_4164_45746,416400,416500,4574600,4574700
Viladecans_4164_45747,416400,416500,4574700,4574800
Viladecans_4164_45748,416400,416500,4574800,4574900
Viladecans_4165_45736,416500,416600,4573600,4573700
Viladecans_4165_45737,416500,416600,4573700,4573800
Viladecans_4165_45738,416500,416600,4573800,4573900
Viladecans_4165_45739,416500,416600,4573900,4574000
Viladecans_4165_45740,416500,416600,4574000,4574100
Viladecans_4165_45741,416500,416600,4574100,4574200
Viladecans_4165_45742,416500,416600,4574200,4574300
Viladecans_4165_45743,416500,416600,4574300,4574400
Viladecans_4165_45744,416500,416600,4574400,4574500
Viladecans_4165_45745,416500,416600,4574500,4574600
Viladecans_4165_45746,416500,416600,4574600,4574700
Viladecans_4165_45747,416500,416600,4574700,4574800
Viladecans_4165_45748,416500,416600,4574800,4574900
Viladecans_4166_45734,416600,416700,4573400,4573500
Viladecans_4166_45735,416600,416700,4573500,4573600
Viladecans_4166_45736,416600,416700,4573600,4573700
Viladecans_4166_45737,416600,416700,4573700,4573800
Viladecans_4166_45738,416600,416700,4573800,4573900
Viladecans_4166_45739,416600,416700,4573900,4574000
Viladecans_4166_45740,416600,416700,4574000,4574100
Viladecans_4166_45741,416600,416700,4574100,4574200
Viladecans_4166_45742,416600,416700,4574200,4574300
Viladecans_4166_45743,416600,416700,4574300,4574400
Viladecans_4166_45744,416600,416700,4574400,4574500
Viladecans_4166_45745,416600,416700,4574500,4574600
Viladecans_4166_45746,416600,416700,4574600,4574700
Viladecans_4166_45747,416600,416700,4574700,4574800
Viladecans_4166_45748,416600,416700,4574800,4574900
Viladecans_4166_45749,416600,416700,4574900,4575000
Viladecans_4166_45750,416600,416700,4575000,4575100
Viladecans_4166_45751,416600,416700,4575100,4575200
Viladecans_4167_45733,416700,416800,4573300,4573400
Viladecans_4167_45734,416700,416800,4573400,4573500
Viladecans_4167_45735,416700,416800,4573500,4573600
Viladecans_4167_45736,416700,416800,4573600,4573700
Viladecans_4167_45737,416700,416800,4573700,4573800
Viladecans_4167_45738,416700,416800,4573800,4573900
Viladecans_4167_45739,416700,416800,4573900,4574000
Viladecans_4167_45740,416700,416800,4574000,4574100
Viladecans_4167_45741,416700,416800,4574100,4574200
Viladecans_4167_45742,416700,416800,4574200,4574300
Viladecans_4167_45743,416700,416800,4574300,4574400
Viladecans_4167_45744,416700,416800,4574400,4574500
Viladecans_4167_45745,416700,416800,4574500,4574600
Viladecans_4167_45746,416700,416800,4574600,4574700
Viladecans_4167_45747,416700,416800,4574700,4574800
Viladecans_4167_45748,416700,416800,4574800,4574900
Viladecans_4167_45749,416700,416800,4574900,4575000
Viladecans_4167_45750,416700,416800,4575000,4575100
Viladecans_4167_45751,416700,416800,4575100,4575200
Viladecans_4168_45732,416800,416900,4573200,4573300
Viladecans_4168_45733,416800,416900,4573300,4573400
Viladecans_4168_45734,416800,416900,4573400,4573500
Viladecans_4168_45735,416800,416900,4573500,4573600
Viladecans_4168_45736,416800,416900,4573600,4573700
Viladecans_4168_45737,416800,416900,4573700,4573800
Viladecans_4168_45738,416800,416900,4573800,4573900
Viladecans_4168_45739,416800,416900,4573900,4574000
Viladecans_4168_45740,416800,416900,4574000,4574100
Viladecans_4168_45741,416800,416900,4574100,4574200
Viladecans_4168_45742,416800,416900,4574200,4574300
Viladecans_4168_45743,416800,416900,4574300,4574400
Viladecans_4168_45744,416800,416900,4574400,4574500
Viladecans_4168_45745,416800,416900,4574500,4574600
Viladecans_4168_45746,416800,416900,4574600,4574700
Viladecans_4168_45747,416800,416900,4574700,4574800
Viladecans_4168_45748,416800,416900,4574800,4574900
Viladecans_4168_45749,416800,416900,4574900,4575000
Viladecans_4168_45750,416800,416900,4575000,4575100
Viladecans_4168_45751,416800,416900,4575100,4575200
Viladecans_4169_45732,416900,417000,4573200,4573300
Viladecans_4169_45733,416900,417000,4573300,4573400
Viladecans_4169_45734,416900,417000,4573400,4573500
Viladecans_4169_45735,416900,417000,4573500,4573600
Viladecans_4169_45736,416900,417000,4573600,4573700
Viladecans_4169_45737,416900,417000,4573700,4573800
Viladecans_4169_45738,416900,417000,4573800,4573900
Viladecans_4169_45739,416900,417000,4573900,4574000
Viladecans_4169_45740,416900,417000,4574000,4574100
Viladecans_4169_45741,416900,417000,4574100,4574200
Viladecans_4169_45742,416900,417000,4574200,4574300
Viladecans_4169_45743,416900,417000,4574300,4574400
Viladecans_4169_45744,416900,417000,4574400,4574500
Viladecans_4169_45745,416900,417000,4574500,4574600
Viladecans_4169_45746,416900,417000,4574600,4574700
Viladecans_4169_45747,416900,417000,4574700,4574800
Viladecans_4169_45748,416900,417000,4574800,4574900
Viladecans_4169_45749,416900,417000,4574900,4575000
Viladecans_4169_45750,416900,417000,4575000,4575100
Viladecans_4169_45751,416900,417000,4575100,4575200
Viladecans_4170_45732,417000,417100,4573200,4573300
Viladecans_4170_45733,417000,417100,4573300,4573400
Viladecans_4170_45734,417000,417100,4573400,4573500
Viladecans_4170_45735,417000,417100,4573500,4573600
Viladecans_4170_45736,417000,417100,4573600,4573700
Viladecans_4170_45737,417000,417100,4573700,4573800
Viladecans_4170_45738,417000,417100,4573800,4573900
Viladecans_4170_45739,417000,417100,4573900,4574000
Viladecans_4170_45740,417000,417100,4574000,4574100
Viladecans_4170_45741,417000,417100,4574100,4574200
Viladecans_4170_45742,417000,417100,4574200,4574300
Viladecans_4170_45743,417000,417100,4574300,4574400
Viladecans_4170_45744,417000,417100,4574400,4574500
Viladecans_4170_45745,417000,417100,4574500,4574600
Viladecans_4170_45746,417000,417100,4574600,4574700
Viladecans_4170_45747,417000,417100,4574700,4574800
Viladecans_4170_45748,417000,417100,4574800,4574900
Viladecans_4170_45749,417000,417100,4574900,4575000
Viladecans_4170_45750,417000,417100,4575000,4575100
Viladecans_4170_45751,417000,417100,4575100,4575200
Viladecans_4170_45752,417000,417100,4575200,4575300
Viladecans_4171_45732,417100,417200,4573200,4573300
Viladecans_4171_45733,417100,417200,4573300,4573400
Viladecans_4171_45734,417100,417200,4573400,4573500
Viladecans_4171_45735,417100,417200,4573500,4573600
Viladecans_4171_45736,417100,417200,4573600,4573700
Viladecans_4171_45737,417100,417200,4573700,4573800
Viladecans_4171_45738,417100,417200,4573800,4573900
Viladecans_4171_45739,417100,417200,4573900,4574000
Viladecans_4171_45740,417100,417200,4574000,4574100
Viladecans_4171_45741,417100,417200,4574100,4574200
Viladecans_4171_45742,417100,417200,4574200,4574300
Viladecans_4171_45743,417100,417200,4574300,4574400
Viladecans_4171_45744,417100,417200,4574400,4574500
Viladecans_4171_45745,417100,417200,4574500,4574600
Viladecans_4171_45746,417100,417200,4574600,4574700
Viladecans_4171_45747,417100,417200,4574700,4574800
Viladecans_4171_45748,417100,417200,4574800,4574900
Viladecans_4171_45749,417100,417200,4574900,4575000
Viladecans_4171_45750,417100,417200,4575000,4575100
Viladecans_4171_45751,417100,417200,4575100,4575200
Viladecans_4171_45752,417100,417200,4575200,4575300
Viladecans_4172_45731,417200,417300,4573100,4573200
Viladecans_4172_45732,417200,417300,4573200,4573300
Viladecans_4172_45733,417200,417300,4573300,4573400
Viladecans_4172_45734,417200,417300,4573400,4573500
Viladecans_4172_45735,417200,417300,4573500,4573600
Viladecans_4172_45736,417200,417300,4573600,4573700
Viladecans_4172_45737,417200,417300,4573700,4573800
Viladecans_4172_45738,417200,417300,4573800,4573900
Viladecans_4172_45739,417200,417300,4573900,4574000
Viladecans_4172_45740,417200,417300,4574000,4574100
Viladecans_4172_45741,417200,417300,4574100,4574200
Viladecans_4172_45742,417200,417300,4574200,4574300
Viladecans_4172_45743,417200,417300,4574300,4574400
Viladecans_4172_45744,417200,417300,4574400,4574500
Viladecans_4172_45745,417200,417300,4574500,4574600
Viladecans_4172_45746,417200,417300,4574600,4574700
Viladecans_4172_45747,417200,417300,4574700,4574800
Viladecans_4172_45748,417200,417300,4574800,4574900
Viladecans_4172_45749,417200,417300,4574900,4575000
Viladecans_4172_45750,417200,417300,4575000,4575100
Viladecans_4172_45751,417200,417300,4575100,4575200
Viladecans_4172_45752,417200,417300,4575200,4575300
Viladecans_4172_45753,417200,417300,4575300,4575400
Viladecans_4173_45730,417300,417400,4573000,4573100
Viladecans_4173_45731,417300,417400,4573100,4573200
Viladecans_4173_45732,417300,417400,4573200,4573300
Viladecans_4173_45733,417300,417400,4573300,4573400
Viladecans_4173_45734,417300,417400,4573400,4573500
Viladecans_4173_45735,417300,417400,4573500,4573600
Viladecans_4173_45736,417300,417400,4573600,4573700
Viladecans_4173_45737,417300,417400,4573700,4573800
Viladecans_4173_45738,417300,417400,4573800,4573900
Viladecans_4173_45739,417300,417400,4573900,4574000
Viladecans_4173_45740,417300,417400,4574000,4574100
Viladecans_4173_45741,417300,417400,4574100,4574200
Viladecans_4173_45742,417300,417400,4574200,4574300
Viladecans_4173_45743,417300,417400,4574300,4574400
Viladecans_4173_45744,417300,417400,4574400,4574500
Viladecans_4173_45745,417300,417400,4574500,4574600
Viladecans_4173_45746,417300,417400,4574600,4574700
Viladecans_4173_45747,417300,417400,4574700,4574800
Viladecans_4173_45748,417300,417400,4574800,4574900
Viladecans_4173_45749,417300,417400,4574900,4575000
Viladecans_4173_45750,417300,417400,4575000,4575100
Viladecans_4173_45751,417300,417400,4575100,4575200
Viladecans_4173_45752,417300,417400,4575200,4575300
Viladecans_4173_45753,417300,417400,4575300,4575400
Viladecans_4173_45754,417300,417400,4575400,4575500
Viladecans_4174_45729,417400,417500,4572900,4573000
Viladecans_4174_45730,417400,417500,4573000,4573100
Viladecans_4174_45733,417400,417500,4573300,4573400
Viladecans_4174_45734,417400,417500,4573400,4573500
Viladecans_4174_45735,417400,417500,4573500,4573600
Viladecans_4174_45736,417400,417500,4573600,4573700
Viladecans_4174_45737,417400,417500,4573700,4573800
Viladecans_4174_45738,417400,417500,4573800,4573900
Viladecans_4174_45739,417400,417500,4573900,4574000
Viladecans_4174_45740,417400,417500,4574000,4574100
Viladecans_4174_45741,417400,417500,4574100,4574200
Viladecans_4174_45742,417400,417500,4574200,4574300
Viladecans_4174_45743,417400,417500,4574300,4574400
Viladecans_4174_45744,417400,417500,4574400,4574500
Viladecans_4174_45745,417400,417500,4574500,4574600
Viladecans_4174_45746,417400,417500,4574600,4574700
Viladecans_4174_45747,417400,417500,4574700,4574800
Viladecans_4174_45748,417400,417500,4574800,4574900
Viladecans_4174_45749,417400,417500,4574900,4575000
Viladecans_4174_45750,417400,417500,4575000,4575100
Viladecans_4174_45751,417400,417500,4575100,4575200
Viladecans_4174_45752,417400,417500,4575200,4575300
Viladecans_4174_45753,417400,417500,4575300,4575400
Viladecans_4174_45754,417400,417500,4575400,4575500
Viladecans_4175_45728,417500,417600,4572800,4572900
Viladecans_4175_45729,417500,417600,4572900,4573000
Viladecans_4175_45730,417500,417600,4573000,4573100
Viladecans_4175_45731,417500,417600,4573100,4573200
Viladecans_4175_45735,417500,417600,4573500,4573600
Viladecans_4175_45736,417500,417600,4573600,4573700
Viladecans_4175_45737,417500,417600,4573700,4573800
Viladecans_4175_45738,417500,417600,4573800,4573900
Viladecans_4175_45739,417500,417600,4573900,4574000
Viladecans_4175_45740,417500,417600,4574000,4574100
Viladecans_4175_45741,417500,417600,4574100,4574200
Viladecans_4175_45742,417500,417600,4574200,4574300
Viladecans_4175_45743,417500,417600,4574300,4574400
Viladecans_4175_45744,417500,417600,4574400,4574500
Viladecans_4175_45745,417500,417600,4574500,4574600
Viladecans_4175_45746,417500,417600,4574600,4574700
Viladecans_4175_45747,417500,417600,4574700,4574800
Viladecans_4175_45748,417500,417600,4574800,4574900
Viladecans_4175_45749,417500,417600,4574900,4575000
Viladecans_4175_45750,417500,417600,4575000,4575100
Viladecans_4175_45751,417500,417600,4575100,4575200
Viladecans_4175_45752,417500,417600,4575200,4575300
Viladecans_4175_45753,417500,417600,4575300,4575400
Viladecans_4175_45754,417500,417600,4575400,4575500
Viladecans_4176_45727,417600,417700,4572700,4572800
Viladecans_4176_45728,417600,417700,4572800,4572900
Viladecans_4176_45729,417600,417700,4572900,4573000
Viladecans_4176_45730,417600,417700,4573000,4573100
Viladecans_4176_45731,417600,417700,4573100,4573200
Viladecans_4176_45736,417600,417700,4573600,4573700
Viladecans_4176_45737,417600,417700,4573700,4573800
Viladecans_4176_45738,417600,417700,4573800,4573900
Viladecans_4176_45739,417600,417700,4573900,4574000
Viladecans_4176_45740,417600,417700,4574000,4574100
Viladecans_4176_45741,417600,417700,4574100,4574200
Viladecans_4176_45742,417600,417700,4574200,4574300
Viladecans_4176_45743,417600,417700,4574300,4574400
Viladecans_4176_45744,417600,417700,4574400,4574500
Viladecans_4176_45745,417600,417700,4574500,4574600
Viladecans_4176_45746,417600,417700,4574600,4574700
Viladecans_4176_45747,417600,417700,4574700,4574800
Viladecans_4176_45748,417600,417700,4574800,4574900
Viladecans_4176_45749,417600,417700,4574900,4575000
Viladecans_4176_45750,417600,417700,4575000,4575100
Viladecans_4176_45751,417600,417700,4575100,4575200
Viladecans_4176_45752,417600,417700,4575200,4575300
Viladecans_4176_45753,417600,417700,4575300,4575400
Viladecans_4176_45754,417600,417700,4575400,4575500
Viladecans_4177_45726,417700,417800,4572600,4572700
Viladecans_4177_45727,417700,417800,4572700,4572800
Viladecans_4177_45728,417700,417800,4572800,4572900
Viladecans_4177_45729,417700,417800,4572900,4573000
Viladecans_4177_45730,417700,417800,4573000,4573100
Viladecans_4177_45731,417700,417800,4573100,4573200
Viladecans_4177_45736,417700,417800,4573600,4573700
Viladecans_4177_45737,417700,417800,4573700,4573800
Viladecans_4177_45738,417700,417800,4573800,4573900
Viladecans_4177_45739,417700,417800,4573900,4574000
Viladecans_4177_45740,417700,417800,4574000,4574100
Viladecans_4177_45741,417700,417800,4574100,4574200
Viladecans_4177_45742,417700,417800,4574200,4574300
Viladecans_4177_45743,417700,417800,4574300,4574400
Viladecans_4177_45744,417700,417800,4574400,4574500
Viladecans_4177_45745,417700,417800,4574500,4574600
Viladecans_4177_45746,417700,417800,4574600,4574700
Viladecans_4177_45747,417700,417800,4574700,4574800
Viladecans_4177_45748,417700,417800,4574800,4574900
Viladecans_4177_45749,417700,417800,4574900,4575000
Viladecans_4177_45750,417700,417800,4575000,4575100
Viladecans_4177_45751,417700,417800,4575100,4575200
Viladecans_4177_45752,417700,417800,4575200,4575300
Viladecans_4177_45753,417700,417800,4575300,4575400
Viladecans_4178_45725,417800,417900,4572500,4572600
Viladecans_4178_45726,417800,417900,4572600,4572700
Viladecans_4178_45727,417800,417900,4572700,4572800
Viladecans_4178_45728,417800,417900,4572800,4572900
Viladecans_4178_45729,417800,417900,4572900,4573000
Viladecans_4178_45730,417800,417900,4573000,4573100
Viladecans_4178_45731,417800,417900,4573100,4573200
Viladecans_4178_45732,417800,417900,4573200,4573300
Viladecans_4178_45733,417800,417900,4573300,4573400
Viladecans_4178_45734,417800,417900,4573400,4573500
Viladecans_4178_45735,417800,417900,4573500,4573600
Viladecans_4178_45736,417800,417900,4573600,4573700
Viladecans_4178_45737,417800,417900,4573700,4573800
Viladecans_4178_45739,417800,417900,4573900,4574000
Viladecans_4178_45740,417800,417900,4574000,4574100
Viladecans_4178_45741,417800,417900,4574100,4574200
Viladecans_4178_45742,417800,417900,4574200,4574300
Viladecans_4178_45743,417800,417900,4574300,4574400
Viladecans_4178_45744,417800,417900,4574400,4574500
Viladecans_4178_45745,417800,417900,4574500,4574600
Viladecans_4178_45746,417800,417900,4574600,4574700
Viladecans_4178_45747,417800,417900,4574700,4574800
Viladecans_4178_45748,417800,417900,4574800,4574900
Viladecans_4178_45749,417800,417900,4574900,4575000
Viladecans_4178_45750,417800,417900,4575000,4575100
Viladecans_4178_45751,417800,417900,4575100,4575200
Viladecans_4179_45725,417900,418000,4572500,4572600
Viladecans_4179_45726,417900,418000,4572600,4572700
Viladecans_4179_45727,417900,418000,4572700,4572800
Viladecans_4179_45728,417900,418000,4572800,4572900
Viladecans_4179_45729,417900,418000,4572900,4573000
Viladecans_4179_45730,417900,418000,4573000,4573100
Viladecans_4179_45731,417900,418000,4573100,4573200
Viladecans_4179_45732,417900,418000,4573200,4573300
Viladecans_4179_45733,417900,418000,4573300,4573400
Viladecans_4179_45734,417900,418000,4573400,4573500
Viladecans_4179_45735,417900,418000,4573500,4573600
Viladecans_4179_45737,417900,418000,4573700,4573800
Viladecans_4179_45738,417900,418000,4573800,4573900
Viladecans_4179_45739,417900,418000,4573900,4574000
Viladecans_4179_45740,417900,418000,4574000,4574100
Viladecans_4179_45741,417900,418000,4574100,4574200
Viladecans_4179_45742,417900,418000,4574200,4574300
Viladecans_4179_45743,417900,418000,4574300,4574400
Viladecans_4179_45744,417900,418000,4574400,4574500
Viladecans_4179_45745,417900,418000,4574500,4574600
Viladecans_4179_45746,417900,418000,4574600,4574700
Viladecans_4179_45747,417900,418000,4574700,4574800
Viladecans_4179_45748,417900,418000,4574800,4574900
Viladecans_4179_45749,417900,418000,4574900,4575000
Viladecans_4179_45750,417900,418000,4575000,4575100
Viladecans_4179_45751,417900,418000,4575100,4575200
Viladecans_4180_45722,418000,418100,4572200,4572300
Viladecans_4180_45723,418000,418100,4572300,4572400
Viladecans_4180_45724,418000,418100,4572400,4572500
Viladecans_4180_45725,418000,418100,4572500,4572600
Viladecans_4180_45726,418000,418100,4572600,4572700
Viladecans_4180_45728,418000,418100,4572800,4572900
Viladecans_4180_45729,418000,418100,4572900,4573000
Viladecans_4180_45730,418000,418100,4573000,4573100
Viladecans_4180_45731,418000,418100,4573100,4573200
Viladecans_4180_45732,418000,418100,4573200,4573300
Viladecans_4180_45733,418000,418100,4573300,4573400
Viladecans_4180_45734,418000,418100,4573400,4573500
Viladecans_4180_45736,418000,418100,4573600,4573700
Viladecans_4180_45737,418000,418100,4573700,4573800
Viladecans_4180_45738,418000,418100,4573800,4573900
Viladecans_4180_45739,418000,418100,4573900,4574000
Viladecans_4180_45740,418000,418100,4574000,4574100
Viladecans_4180_45741,418000,418100,4574100,4574200
Viladecans_4180_45742,418000,418100,4574200,4574300
Viladecans_4180_45743,418000,418100,4574300,4574400
Viladecans_4180_45744,418000,418100,4574400,4574500
Viladecans_4180_45745,418000,418100,4574500,4574600
Viladecans_4180_45746,418000,418100,4574600,4574700
Viladecans_4180_45747,418000,418100,4574700,4574800
Viladecans_4180_45748,418000,418100,4574800,4574900
Viladecans_4180_45749,418000,418100,4574900,4575000
Viladecans_4180_45750,418000,418100,4575000,4575100
Viladecans_4181_45716,418100,418200,4571600,4571700
Viladecans_4181_45717,418100,418200,4571700,4571800
Viladecans_4181_45721,418100,418200,4572100,4572200
Viladecans_4181_45722,418100,418200,4572200,4572300
Viladecans_4181_45723,418100,418200,4572300,4572400
Viladecans_4181_45724,418100,418200,4572400,4572500
Viladecans_4181_45725,418100,418200,4572500,4572600
Viladecans_4181_45726,418100,418200,4572600,4572700
Viladecans_4181_45727,418100,418200,4572700,4572800
Viladecans_4181_45728,418100,418200,4572800,4572900
Viladecans_4181_45729,418100,418200,4572900,4573000
Viladecans_4181_45730,418100,418200,4573000,4573100
Viladecans_4181_45731,418100,418200,4573100,4573200
Viladecans_4181_45732,418100,418200,4573200,4573300
Viladecans_4181_45733,418100,418200,4573300,4573400
Viladecans_4181_45734,418100,418200,4573400,4573500
Viladecans_4181_45735,418100,418200,4573500,4573600
Viladecans_4181_45736,418100,418200,4573600,4573700
Viladecans_4181_45737,418100,418200,4573700,4573800
Viladecans_4181_45738,418100,418200,4573800,4573900
Viladecans_4181_45739,418100,418200,4573900,4574000
Viladecans_4181_45740,418100,418200,4574000,4574100
Viladecans_4181_45741,418100,418200,4574100,4574200
Viladecans_4181_45742,418100,418200,4574200,4574300
Viladecans_4181_45743,418100,418200,4574300,4574400
Viladecans_4181_45744,418100,418200,4574400,4574500
Viladecans_4181_45745,418100,418200,4574500,4574600
Viladecans_4181_45746,418100,418200,4574600,4574700
Viladecans_4181_45747,418100,418200,4574700,4574800
Viladecans_4181_45748,418100,418200,4574800,4574900
Viladecans_4181_45749,418100,418200,4574900,4575000
Viladecans_4182_45715,418200,418300,4571500,4571600
Viladecans_4182_45716,418200,418300,4571600,4571700
Viladecans_4182_45717,418200,418300,4571700,4571800
Viladecans_4182_45719,418200,418300,4571900,4572000
Viladecans_4182_45720,418200,418300,4572000,4572100
Viladecans_4182_45721,418200,418300,4572100,4572200
Viladecans_4182_45722,418200,418300,4572200,4572300
Viladecans_4182_45726,418200,418300,4572600,4572700
Viladecans_4182_45727,418200,418300,4572700,4572800
Viladecans_4182_45728,418200,418300,4572800,4572900
Viladecans_4182_45729,418200,418300,4572900,4573000
Viladecans_4182_45730,418200,418300,4573000,4573100
Viladecans_4182_45731,418200,418300,4573100,4573200
Viladecans_4182_45732,418200,418300,4573200,4573300
Viladecans_4182_45733,418200,418300,4573300,4573400
Viladecans_4182_45734,418200,418300,4573400,4573500
Viladecans_4182_45735,418200,418300,4573500,4573600
Viladecans_4182_45736,418200,418300,4573600,4573700
Viladecans_4182_45737,418200,418300,4573700,4573800
Viladecans_4182_45738,418200,418300,4573800,4573900
Viladecans_4182_45739,418200,418300,4573900,4574000
Viladecans_4182_45740,418200,418300,4574000,4574100
Viladecans_4182_45741,418200,418300,4574100,4574200
Viladecans_4182_45742,418200,418300,4574200,4574300
Viladecans_4182_45743,418200,418300,4574300,4574400
Viladecans_4182_45744,418200,418300,4574400,4574500
Viladecans_4182_45745,418200,418300,4574500,4574600
Viladecans_4182_45746,418200,418300,4574600,4574700
Viladecans_4182_45747,418200,418300,4574700,4574800
Viladecans_4182_45748,418200,418300,4574800,4574900
Viladecans_4182_45749,418200,418300,4574900,4575000
Viladecans_4183_45712,418300,418400,4571200,4571300
Viladecans_4183_45713,418300,418400,4571300,4571400
Viladecans_4183_45714,418300,418400,4571400,4571500
Viladecans_4183_45715,418300,418400,4571500,4571600
Viladecans_4183_45716,418300,418400,4571600,4571700
Viladecans_4183_45717,418300,418400,4571700,4571800
Viladecans_4183_45718,418300,418400,4571800,4571900
Viladecans_4183_45719,418300,418400,4571900,4572000
Viladecans_4183_45720,418300,418400,4572000,4572100
Viladecans_4183_45727,418300,418400,4572700,4572800
Viladecans_4183_45728,418300,418400,4572800,4572900
Viladecans_4183_45729,418300,418400,4572900,4573000
Viladecans_4183_45730,418300,418400,4573000,4573100
Viladecans_4183_45731,418300,418400,4573100,4573200
Viladecans_4183_45732,418300,418400,4573200,4573300
Viladecans_4183_45733,418300,418400,4573300,4573400
Viladecans_4183_45734,418300,418400,4573400,4573500
Viladecans_4183_45735,418300,418400,4573500,4573600
Viladecans_4183_45736,418300,418400,4573600,4573700
Viladecans_4183_45737,418300,418400,4573700,4573800
Viladecans_4183_45738,418300,418400,4573800,4573900
Viladecans_4183_45739,418300,418400,4573900,4574000
Viladecans_4183_45740,418300,418400,4574000,4574100
Viladecans_4183_45741,418300,418400,4574100,4574200
Viladecans_4183_45742,418300,418400,4574200,4574300
Viladecans_4183_45743,418300,418400,4574300,4574400
Viladecans_4183_45744,418300,418400,4574400,4574500
Viladecans_4183_45745,418300,418400,4574500,4574600
Viladecans_4183_45746,418300,418400,4574600,4574700
Viladecans_4183_45747,418300,418400,4574700,4574800
Viladecans_4183_45748,418300,418400,4574800,4574900
Viladecans_4183_45749,418300,418400,4574900,4575000
Viladecans_4184_45710,418400,418500,4571000,4571100
Viladecans_4184_45711,418400,418500,4571100,4571200
Viladecans_4184_45712,418400,418500,4571200,4571300
Viladecans_4184_45713,418400,418500,4571300,4571400
Viladecans_4184_45714,418400,418500,4571400,4571500
Viladecans_4184_45715,418400,418500,4571500,4571600
Viladecans_4184_45716,418400,418500,4571600,4571700
Viladecans_4184_45717,418400,418500,4571700,4571800
Viladecans_4184_45718,418400,418500,4571800,4571900
Viladecans_4184_45719,418400,418500,4571900,4572000
Viladecans_4184_45720,418400,418500,4572000,4572100
Viladecans_4184_45721,418400,418500,4572100,4572200
Viladecans_4184_45727,418400,418500,4572700,4572800
Viladecans_4184_45728,418400,418500,4572800,4572900
Viladecans_4184_45729,418400,418500,4572900,4573000
Viladecans_4184_45730,418400,418500,4573000,4573100
Viladecans_4184_45731,418400,418500,4573100,4573200
Viladecans_4184_45732,418400,418500,4573200,4573300
Viladecans_4184_45733,418400,418500,4573300,4573400
Viladecans_4184_45734,418400,418500,4573400,4573500
Viladecans_4184_45735,418400,418500,4573500,4573600
Viladecans_4184_45736,418400,418500,4573600,4573700
Viladecans_4184_45737,418400,418500,4573700,4573800
Viladecans_4184_45738,418400,418500,4573800,4573900
Viladecans_4184_45739,418400,418500,4573900,4574000
Viladecans_4184_45740,418400,418500,4574000,4574100
Viladecans_4184_45741,418400,418500,4574100,4574200
Viladecans_4184_45742,418400,418500,4574200,4574300
Viladecans_4184_45743,418400,418500,4574300,4574400
Viladecans_4184_45744,418400,418500,4574400,4574500
Viladecans_4184_45745,418400,418500,4574500,4574600
Viladecans_4184_45746,418400,418500,4574600,4574700
Viladecans_4184_45747,418400,418500,4574700,4574800
Viladecans_4184_45748,418400,418500,4574800,4574900
Viladecans_4184_45749,418400,418500,4574900,4575000
Viladecans_4185_45709,418500,418600,4570900,4571000
Viladecans_4185_45710,418500,418600,4571000,4571100
Viladecans_4185_45711,418500,418600,4571100,4571200
Viladecans_4185_45720,418500,418600,4572000,4572100
Viladecans_4185_45721,418500,418600,4572100,4572200
Viladecans_4185_45729,418500,418600,4572900,4573000
Viladecans_4185_45730,418500,418600,4573000,4573100
Viladecans_4185_45731,418500,418600,4573100,4573200
Viladecans_4185_45732,418500,418600,4573200,4573300
Viladecans_4185_45733,418500,418600,4573300,4573400
Viladecans_4185_45734,418500,418600,4573400,4573500
Viladecans_4185_45735,418500,418600,4573500,4573600
Viladecans_4185_45736,418500,418600,4573600,4573700
Viladecans_4185_45737,418500,418600,4573700,4573800
Viladecans_4185_45738,418500,418600,4573800,4573900
Viladecans_4185_45739,418500,418600,4573900,4574000
Viladecans_4185_45740,418500,418600,4574000,4574100
Viladecans_4185_45741,418500,418600,4574100,4574200
Viladecans_4185_45742,418500,418600,4574200,4574300
Viladecans_4185_45743,418500,418600,4574300,4574400
Viladecans_4185_45744,418500,418600,4574400,4574500
Viladecans_4185_45745,418500,418600,4574500,4574600
Viladecans_4185_45746,418500,418600,4574600,4574700
Viladecans_4185_45747,418500,418600,4574700,4574800
Viladecans_4185_45748,418500,418600,4574800,4574900
Viladecans_4185_45749,418500,418600,4574900,4575000
Viladecans_4186_45708,418600,418700,4570800,4570900
Viladecans_4186_45709,418600,418700,4570900,4571000
Viladecans_4186_45710,418600,418700,4571000,4571100
Viladecans_4186_45721,418600,418700,4572100,4572200
Viladecans_4186_45722,418600,418700,4572200,4572300
Viladecans_4186_45731,418600,418700,4573100,4573200
Viladecans_4186_45732,418600,418700,4573200,4573300
Viladecans_4186_45733,418600,418700,4573300,4573400
Viladecans_4186_45734,418600,418700,4573400,4573500
Viladecans_4186_45735,418600,418700,4573500,4573600
Viladecans_4186_45736,418600,418700,4573600,4573700
Viladecans_4186_45737,418600,418700,4573700,4573800
Viladecans_4186_45740,418600,418700,4574000,4574100
Viladecans_4186_45741,418600,418700,4574100,4574200
Viladecans_4186_45742,418600,418700,4574200,4574300
Viladecans_4186_45743,418600,418700,4574300,4574400
Viladecans_4186_45744,418600,418700,4574400,4574500
Viladecans_4186_45745,418600,418700,4574500,4574600
Viladecans_4186_45746,418600,418700,4574600,4574700
Viladecans_4186_45747,418600,418700,4574700,4574800
Viladecans_4186_45748,418600,418700,4574800,4574900
Viladecans_4186_45749,418600,418700,4574900,4575000
Viladecans_4186_45750,418600,418700,4575000,4575100
Viladecans_4186_45751,418600,418700,4575100,4575200
Viladecans_4186_45752,418600,418700,4575200,4575300
Viladecans_4187_45706,418700,418800,4570600,4570700
Viladecans_4187_45707,418700,418800,4570700,4570800
Viladecans_4187_45708,418700,418800,4570800,4570900
Viladecans_4187_45709,418700,418800,4570900,4571000
Viladecans_4187_45721,418700,418800,4572100,4572200
Viladecans_4187_45722,418700,418800,4572200,4572300
Viladecans_4187_45730,418700,418800,4573000,4573100
Viladecans_4187_45731,418700,418800,4573100,4573200
Viladecans_4187_45732,418700,418800,4573200,4573300
Viladecans_4187_45733,418700,418800,4573300,4573400
Viladecans_4187_45734,418700,418800,4573400,4573500
Viladecans_4187_45735,418700,418800,4573500,4573600
Viladecans_4187_45736,418700,418800,4573600,4573700
Viladecans_4187_45737,418700,418800,4573700,4573800
Viladecans_4187_45738,418700,418800,4573800,4573900
Viladecans_4187_45739,418700,418800,4573900,4574000
Viladecans_4187_45740,418700,418800,4574000,4574100
Viladecans_4187_45741,418700,418800,4574100,4574200
Viladecans_4187_45742,418700,418800,4574200,4574300
Viladecans_4187_45743,418700,418800,4574300,4574400
Viladecans_4187_45744,418700,418800,4574400,4574500
Viladecans_4187_45745,418700,418800,4574500,4574600
Viladecans_4187_45746,418700,418800,4574600,4574700
Viladecans_4187_45747,418700,418800,4574700,4574800
Viladecans_4187_45748,418700,418800,4574800,4574900
Viladecans_4187_45749,418700,418800,4574900,4575000
Viladecans_4187_45750,418700,418800,4575000,4575100
Viladecans_4187_45751,418700,418800,4575100,4575200
Viladecans_4188_45705,418800,418900,4570500,4570600
Viladecans_4188_45707,418800,418900,4570700,4570800
Viladecans_4188_45708,418800,418900,4570800,4570900
Viladecans_4188_45722,418800,418900,4572200,4572300
Viladecans_4188_45723,418800,418900,4572300,4572400
Viladecans_4188_45728,418800,418900,4572800,4572900
Viladecans_4188_45729,418800,418900,4572900,4573000
Viladecans_4188_45730,418800,418900,4573000,4573100
Viladecans_4188_45731,418800,418900,4573100,4573200
Viladecans_4188_45732,418800,418900,4573200,4573300
Viladecans_4188_45733,418800,418900,4573300,4573400
Viladecans_4188_45735,418800,418900,4573500,4573600
Viladecans_4188_45736,418800,418900,4573600,4573700
Viladecans_4188_45737,418800,418900,4573700,4573800
Viladecans_4188_45738,418800,418900,4573800,4573900
Viladecans_4188_45739,418800,418900,4573900,4574000
Viladecans_4188_45740,418800,418900,4574000,4574100
Viladecans_4188_45742,418800,418900,4574200,4574300
Viladecans_4188_45743,418800,418900,4574300,4574400
Viladecans_4188_45744,418800,418900,4574400,4574500
Viladecans_4188_45745,418800,418900,4574500,4574600
Viladecans_4188_45746,418800,418900,4574600,4574700
Viladecans_4189_45705,418900,419000,4570500,4570600
Viladecans_4189_45707,418900,419000,4570700,4570800
Viladecans_4189_45708,418900,419000,4570800,4570900
Viladecans_4189_45718,418900,419000,4571800,4571900
Viladecans_4189_45719,418900,419000,4571900,4572000
Viladecans_4189_45720,418900,419000,4572000,4572100
Viladecans_4189_45721,418900,419000,4572100,4572200
Viladecans_4189_45722,418900,419000,4572200,4572300
Viladecans_4189_45723,418900,419000,4572300,4572400
Viladecans_4189_45727,418900,419000,4572700,4572800
Viladecans_4189_45728,418900,419000,4572800,4572900
Viladecans_4189_45729,418900,419000,4572900,4573000
Viladecans_4189_45733,418900,419000,4573300,4573400
Viladecans_4189_45734,418900,419000,4573400,4573500
Viladecans_4189_45735,418900,419000,4573500,4573600
Viladecans_4189_45736,418900,419000,4573600,4573700
Viladecans_4189_45737,418900,419000,4573700,4573800
Viladecans_4189_45738,418900,419000,4573800,4573900
Viladecans_4189_45739,418900,419000,4573900,4574000
Viladecans_4189_45740,418900,419000,4574000,4574100
Viladecans_4189_45741,418900,419000,4574100,4574200
Viladecans_4189_45742,418900,419000,4574200,4574300
Viladecans_4189_45743,418900,419000,4574300,4574400
Viladecans_4189_45744,418900,419000,4574400,4574500
Viladecans_4189_45745,418900,419000,4574500,4574600
Viladecans_4189_45746,418900,419000,4574600,4574700
Viladecans_4189_45747,418900,419000,4574700,4574800
Viladecans_4189_45748,418900,419000,4574800,4574900
Viladecans_4190_45704,419000,419100,4570400,4570500
Viladecans_4190_45705,419000,419100,4570500,4570600
Viladecans_4190_45706,419000,419100,4570600,4570700
Viladecans_4190_45707,419000,419100,4570700,4570800
Viladecans_4190_45708,419000,419100,4570800,4570900
Viladecans_4190_45709,419000,419100,4570900,4571000
Viladecans_4190_45710,419000,419100,4571000,4571100
Viladecans_4190_45711,419000,419100,4571100,4571200
Viladecans_4190_45712,419000,419100,4571200,4571300
Viladecans_4190_45713,419000,419100,4571300,4571400
Viladecans_4190_45714,419000,419100,4571400,4571500
Viladecans_4190_45715,419000,419100,4571500,4571600
Viladecans_4190_45716,419000,419100,4571600,4571700
Viladecans_4190_45717,419000,419100,4571700,4571800
Viladecans_4190_45718,419000,419100,4571800,4571900
Viladecans_4190_45719,419000,419100,4571900,4572000
Viladecans_4190_45720,419000,419100,4572000,4572100
Viladecans_4190_45723,419000,419100,4572300,4572400
Viladecans_4190_45724,419000,419100,4572400,4572500
Viladecans_4190_45725,419000,419100,4572500,4572600
Viladecans_4190_45726,419000,419100,4572600,4572700
Viladecans_4190_45727,419000,419100,4572700,4572800
Viladecans_4190_45728,419000,419100,4572800,4572900
Viladecans_4190_45733,419000,419100,4573300,4573400
Viladecans_4190_45734,419000,419100,4573400,4573500
Viladecans_4190_45735,419000,419100,4573500,4573600
Viladecans_4190_45737,419000,419100,4573700,4573800
Viladecans_4190_45738,419000,419100,4573800,4573900
Viladecans_4190_45739,419000,419100,4573900,4574000
Viladecans_4190_45740,419000,419100,4574000,4574100
Viladecans_4190_45741,419000,419100,4574100,4574200
Viladecans_4190_45742,419000,419100,4574200,4574300
Viladecans_4190_45743,419000,419100,4574300,4574400
Viladecans_4190_45744,419000,419100,4574400,4574500
Viladecans_4190_45745,419000,419100,4574500,4574600
Viladecans_4190_45746,419000,419100,4574600,4574700
Viladecans_4190_45747,419000,419100,4574700,4574800
Viladecans_4190_45748,419000,419100,4574800,4574900
Viladecans_4191_45703,419100,419200,4570300,4570400
Viladecans_4191_45704,419100,419200,4570400,4570500
Viladecans_4191_45705,419100,419200,4570500,4570600
Viladecans_4191_45706,419100,419200,4570600,4570700
Viladecans_4191_45707,419100,419200,4570700,4570800
Viladecans_4191_45708,419100,419200,4570800,4570900
Viladecans_4191_45709,419100,419200,4570900,4571000
Viladecans_4191_45710,419100,419200,4571000,4571100
Viladecans_4191_45711,419100,419200,4571100,4571200
Viladecans_4191_45720,419100,419200,4572000,4572100
Viladecans_4191_45721,419100,419200,4572100,4572200
Viladecans_4191_45722,419100,419200,4572200,4572300
Viladecans_4191_45723,419100,419200,4572300,4572400
Viladecans_4191_45724,419100,419200,4572400,4572500
Viladecans_4191_45725,419100,419200,4572500,4572600
Viladecans_4191_45726,419100,419200,4572600,4572700
Viladecans_4191_45732,419100,419200,4573200,4573300
Viladecans_4191_45733,419100,419200,4573300,4573400
Viladecans_4191_45734,419100,419200,4573400,4573500
Viladecans_4191_45737,419100,419200,4573700,4573800
Viladecans_4191_45738,419100,419200,4573800,4573900
Viladecans_4191_45739,419100,419200,4573900,4574000
Viladecans_4191_45741,419100,419200,4574100,4574200
Viladecans_4191_45742,419100,419200,4574200,4574300
Viladecans_4191_45743,419100,419200,4574300,4574400
Viladecans_4191_45744,419100,419200,4574400,4574500
Viladecans_4191_45745,419100,419200,4574500,4574600
Viladecans_4191_45746,419100,419200,4574600,4574700
Viladecans_4191_45747,419100,419200,4574700,4574800
Viladecans_4191_45748,419100,419200,4574800,4574900
Viladecans_4192_45702,419200,419300,4570200,4570300
Viladecans_4192_45703,419200,419300,4570300,4570400
Viladecans_4192_45704,419200,419300,4570400,4570500
Viladecans_4192_45705,419200,419300,4570500,4570600
Viladecans_4192_45709,419200,419300,4570900,4571000
Viladecans_4192_45710,419200,419300,4571000,4571100
Viladecans_4192_45717,419200,419300,4571700,4571800
Viladecans_4192_45718,419200,419300,4571800,4571900
Viladecans_4192_45719,419200,419300,4571900,4572000
Viladecans_4192_45720,419200,419300,4572000,4572100
Viladecans_4192_45721,419200,419300,4572100,4572200
Viladecans_4192_45722,419200,419300,4572200,4572300
Viladecans_4192_45723,419200,419300,4572300,4572400
Viladecans_4192_45724,419200,419300,4572400,4572500
Viladecans_4192_45725,419200,419300,4572500,4572600
Viladecans_4192_45731,419200,419300,4573100,4573200
Viladecans_4192_45732,419200,419300,4573200,4573300
Viladecans_4192_45733,419200,419300,4573300,4573400
Viladecans_4192_45737,419200,419300,4573700,4573800
Viladecans_4192_45738,419200,419300,4573800,4573900
Viladecans_4192_45739,419200,419300,4573900,4574000
Viladecans_4192_45742,419200,419300,4574200,4574300
Viladecans_4192_45743,419200,419300,4574300,4574400
Viladecans_4192_45744,419200,419300,4574400,4574500
Viladecans_4192_45745,419200,419300,4574500,4574600
Viladecans_4192_45746,419200,419300,4574600,4574700
Viladecans_4192_45747,419200,419300,4574700,4574800
Viladecans_4192_45748,419200,419300,4574800,4574900
Viladecans_4193_45700,419300,419400,4570000,4570100
Viladecans_4193_45701,419300,419400,4570100,4570200
Viladecans_4193_45703,419300,419400,4570300,4570400
Viladecans_4193_45704,419300,419400,4570400,4570500
Viladecans_4193_45709,419300,419400,4570900,4571000
Viladecans_4193_45710,419300,419400,4571000,4571100
Viladecans_4193_45717,419300,419400,4571700,4571800
Viladecans_4193_45718,419300,419400,4571800,4571900
Viladecans_4193_45721,419300,419400,4572100,4572200
Viladecans_4193_45722,419300,419400,4572200,4572300
Viladecans_4193_45723,419300,419400,4572300,4572400
Viladecans_4193_45724,419300,419400,4572400,4572500
Viladecans_4193_45725,419300,419400,4572500,4572600
Viladecans_4193_45727,419300,419400,4572700,4572800
Viladecans_4193_45728,419300,419400,4572800,4572900
Viladecans_4193_45729,419300,419400,4572900,4573000
Viladecans_4193_45730,419300,419400,4573000,4573100
Viladecans_4193_45731,419300,419400,4573100,4573200
Viladecans_4193_45732,419300,419400,4573200,4573300
Viladecans_4193_45736,419300,419400,4573600,4573700
Viladecans_4193_45737,419300,419400,4573700,4573800
Viladecans_4193_45738,419300,419400,4573800,4573900
Viladecans_4193_45739,419300,419400,4573900,4574000
Viladecans_4193_45744,419300,419400,4574400,4574500
Viladecans_4193_45745,419300,419400,4574500,4574600
Viladecans_4194_45697,419400,419500,4569700,4569800
Viladecans_4194_45698,419400,419500,4569800,4569900
Viladecans_4194_45699,419400,419500,4569900,4570000
Viladecans_4194_45700,419400,419500,4570000,4570100
Viladecans_4194_45701,419400,419500,4570100,4570200
Viladecans_4194_45702,419400,419500,4570200,4570300
Viladecans_4194_45703,419400,419500,4570300,4570400
Viladecans_4194_45704,419400,419500,4570400,4570500
Viladecans_4194_45709,419400,419500,4570900,4571000
Viladecans_4194_45710,419400,419500,4571000,4571100
Viladecans_4194_45720,419400,419500,4572000,4572100
Viladecans_4194_45721,419400,419500,4572100,4572200
Viladecans_4194_45722,419400,419500,4572200,4572300
Viladecans_4194_45725,419400,419500,4572500,4572600
Viladecans_4194_45726,419400,419500,4572600,4572700
Viladecans_4194_45727,419400,419500,4572700,4572800
Viladecans_4194_45728,419400,419500,4572800,4572900
Viladecans_4194_45736,419400,419500,4573600,4573700
Viladecans_4194_45737,419400,419500,4573700,4573800
Viladecans_4194_45739,419400,419500,4573900,4574000
Viladecans_4194_45740,419400,419500,4574000,4574100
Viladecans_4195_45697,419500,419600,4569700,4569800
Viladecans_4195_45698,419500,419600,4569800,4569900
Viladecans_4195_45699,419500,419600,4569900,4570000
Viladecans_4195_45700,419500,419600,4570000,4570100
Viladecans_4195_45701,419500,419600,4570100,4570200
Viladecans_4195_45702,419500,419600,4570200,4570300
Viladecans_4195_45703,419500,419600,4570300,4570400
Viladecans_4195_45708,419500,419600,4570800,4570900
Viladecans_4195_45709,419500,419600,4570900,4571000
Viladecans_4195_45710,419500,419600,4571000,4571100
Viladecans_4195_45719,419500,419600,4571900,4572000
Viladecans_4195_45720,419500,419600,4572000,4572100
Viladecans_4195_45721,419500,419600,4572100,4572200
Viladecans_4195_45725,419500,419600,4572500,4572600
Viladecans_4195_45726,419500,419600,4572600,4572700
Viladecans_4195_45737,419500,419600,4573700,4573800
Viladecans_4195_45739,419500,419600,4573900,4574000
Viladecans_4195_45740,419500,419600,4574000,4574100
Viladecans_4196_45696,419600,419700,4569600,4569700
Viladecans_4196_45697,419600,419700,4569700,4569800
Viladecans_4196_45698,419600,419700,4569800,4569900
Viladecans_4196_45699,419600,419700,4569900,4570000
Viladecans_4196_45702,419600,419700,4570200,4570300
Viladecans_4196_45703,419600,419700,4570300,4570400
Viladecans_4196_45708,419600,419700,4570800,4570900
Viladecans_4196_45709,419600,419700,4570900,4571000
Viladecans_4196_45710,419600,419700,4571000,4571100
Viladecans_4196_45718,419600,419700,4571800,4571900
Viladecans_4196_45719,419600,419700,4571900,4572000
Viladecans_4196_45720,419600,419700,4572000,4572100
Viladecans_4196_45725,419600,419700,4572500,4572600
Viladecans_4196_45726,419600,419700,4572600,4572700
Viladecans_4196_45737,419600,419700,4573700,4573800
Viladecans_4196_45738,419600,419700,4573800,4573900
Viladecans_4196_45739,419600,419700,4573900,4574000
Viladecans_4196_45740,419600,419700,4574000,4574100
Viladecans_4196_45741,419600,419700,4574100,4574200
Viladecans_4197_45694,419700,419800,4569400,4569500
Viladecans_4197_45695,419700,419800,4569500,4569600
Viladecans_4197_45696,419700,419800,4569600,4569700
Viladecans_4197_45698,419700,419800,4569800,4569900
Viladecans_4197_45699,419700,419800,4569900,4570000
Viladecans_4197_45702,419700,419800,4570200,4570300
Viladecans_4197_45703,419700,419800,4570300,4570400
Viladecans_4197_45708,419700,419800,4570800,4570900
Viladecans_4197_45717,419700,419800,4571700,4571800
Viladecans_4197_45718,419700,419800,4571800,4571900
Viladecans_4197_45725,419700,419800,4572500,4572600
Viladecans_4197_45726,419700,419800,4572600,4572700
Viladecans_4197_45736,419700,419800,4573600,4573700
Viladecans_4197_45737,419700,419800,4573700,4573800
Viladecans_4197_45738,419700,419800,4573800,4573900
Viladecans_4197_45739,419700,419800,4573900,4574000
Viladecans_4197_45740,419700,419800,4574000,4574100
Viladecans_4197_45741,419700,419800,4574100,4574200
Viladecans_4198_45694,419800,419900,4569400,4569500
Viladecans_4198_45695,419800,419900,4569500,4569600
Viladecans_4198_45696,419800,419900,4569600,4569700
Viladecans_4198_45701,419800,419900,4570100,4570200
Viladecans_4198_45702,419800,419900,4570200,4570300
Viladecans_4198_45708,419800,419900,4570800,4570900
Viladecans_4198_45716,419800,419900,4571600,4571700
Viladecans_4198_45717,419800,419900,4571700,4571800
Viladecans_4198_45718,419800,419900,4571800,4571900
Viladecans_4198_45725,419800,419900,4572500,4572600
Viladecans_4198_45726,419800,419900,4572600,4572700
Viladecans_4198_45735,419800,419900,4573500,4573600
Viladecans_4198_45736,419800,419900,4573600,4573700
Viladecans_4198_45737,419800,419900,4573700,4573800
Viladecans_4198_45738,419800,419900,4573800,4573900
Viladecans_4198_45739,419800,419900,4573900,4574000
Viladecans_4198_45740,419800,419900,4574000,4574100
Viladecans_4199_45694,419900,420000,4569400,4569500
Viladecans_4199_45695,419900,420000,4569500,4569600
Viladecans_4199_45701,419900,420000,4570100,4570200
Viladecans_4199_45702,419900,420000,4570200,4570300
Viladecans_4199_45706,419900,420000,4570600,4570700
Viladecans_4199_45707,419900,420000,4570700,4570800
Viladecans_4199_45708,419900,420000,4570800,4570900
Viladecans_4199_45714,419900,420000,4571400,4571500
Viladecans_4199_45715,419900,420000,4571500,4571600
Viladecans_4199_45716,419900,420000,4571600,4571700
Viladecans_4199_45717,419900,420000,4571700,4571800
Viladecans_4199_45726,419900,420000,4572600,4572700
Viladecans_4199_45727,419900,420000,4572700,4572800
Viladecans_4199_45733,419900,420000,4573300,4573400
Viladecans_4199_45734,419900,420000,4573400,4573500
Viladecans_4199_45735,419900,420000,4573500,4573600
Viladecans_4199_45736,419900,420000,4573600,4573700
Viladecans_4200_45694,420000,420100,4569400,4569500
Viladecans_4200_45695,420000,420100,4569500,4569600
Viladecans_4200_45696,420000,420100,4569600,4569700
Viladecans_4200_45700,420000,420100,4570000,4570100
Viladecans_4200_45701,420000,420100,4570100,4570200
Viladecans_4200_45704,420000,420100,4570400,4570500
Viladecans_4200_45705,420000,420100,4570500,4570600
Viladecans_4200_45706,420000,420100,4570600,4570700
Viladecans_4200_45707,420000,420100,4570700,4570800
Viladecans_4200_45711,420000,420100,4571100,4571200
Viladecans_4200_45712,420000,420100,4571200,4571300
Viladecans_4200_45713,420000,420100,4571300,4571400
Viladecans_4200_45714,420000,420100,4571400,4571500
Viladecans_4200_45726,420000,420100,4572600,4572700
Viladecans_4200_45727,420000,420100,4572700,4572800
Viladecans_4200_45733,420000,420100,4573300,4573400
Viladecans_4200_45734,420000,420100,4573400,4573500
Viladecans_4201_45711,420100,420200,4571100,4571200
Viladecans_4201_45712,420100,420200,4571200,4571300
Viladecans_4201_45724,420100,420200,4572400,4572500
Viladecans_4201_45725,420100,420200,4572500,4572600
Viladecans_4201_45726,420100,420200,4572600,4572700
Viladecans_4201_45727,420100,420200,4572700,4572800
Viladecans_4201_45732,420100,420200,4573200,4573300
Viladecans_4201_45733,420100,420200,4573300,4573400
Viladecans_4201_45734,420100,420200,4573400,4573500
Viladecans_4202_45725,420200,420300,4572500,4572600
Viladecans_4202_45727,420200,420300,4572700,4572800
Viladecans_4202_45728,420200,420300,4572800,4572900
Viladecans_4202_45730,420200,420300,4573000,4573100
Viladecans_4202_45731,420200,420300,4573100,4573200
Viladecans_4202_45732,420200,420300,4573200,4573300
Viladecans_4202_45733,420200,420300,4573300,4573400
Viladecans_4203_45727,420300,420400,4572700,4572800
Viladecans_4203_45728,420300,420400,4572800,4572900
Viladecans_4203_45729,420300,420400,4572900,4573000
Viladecans_4203_45730,420300,420400,4573000,4573100
Viladecans_4203_45731,420300,420400,4573100,4573200
Viladecans_4204_45728,420400,420500,4572800,4572900
Viladecans_4204_45729,420400,420500,4572900,4573000
Viladecans_4205_45728,420500,420600,4572800,4572900
Viladecans_4205_45729,420500,420600,4572900,4573000
Viladecans_4206_45728,420600,420700,4572800,4572900
Viladecans_4206_45729,420600,420700,4572900,4573000
